requestId,hospitalName,bloodType,urgencyLevel,location,latitude,longitude,datePosted,unitsNeeded
cgkwlgwe,Bahawalpur Medical Center,A-,Medium,Bahawalpur,29.423972000000003,71.718189,2025-04-01 12:44:04,1
gdj3bnag,Sukkur Medical Center,A-,High,Sukkur,27.695521000000003,68.83873,2025-04-01 12:58:11,6
1gcnj9z8,Mardan General Hospital,O-,Critical,Mardan,34.21821,72.043417,2025-04-01 08:19:37,2
sklcsipr,Quetta General Hospital,AB+,Critical,Quetta,30.192429,66.981088,2025-04-01 21:30:02,3
ft34m8ty,Faisalabad Medical Center,AB-,High,Faisalabad,31.451774999999998,73.124994,2025-04-01 22:09:14,2
ktx7fqfz,Gujranwala General Hospital,B+,Medium,Gujranwala,32.150295,74.231937,2025-04-01 02:07:46,5
01xw0lst,Hyderabad General Hospital,AB+,Medium,Hyderabad,25.43029,68.38875999999999,2025-04-01 06:18:20,3
t21ubca5,Rawalpindi Medical Center,B-,High,Rawalpindi,33.60695200000001,73.093671,2025-04-01 20:10:58,3
2dpuak07,Multan Medical Center,A+,High,Multan,30.140679,71.545755,2025-04-01 00:11:19,3
67htc9lh,Peshawar Blood Bank,B-,Critical,Peshawar,33.995238,71.562962,2025-04-01 06:58:02,4
hcyrff6v,Mardan Medical Center,A-,High,Mardan,34.196166,72.039956,2025-04-01 00:06:07,2
wpphctaz,Lahore Medical Center,O+,Critical,Lahore,31.594185000000003,74.336631,2025-04-01 12:16:56,5
c0bdn1bp,Rawalpindi General Hospital,AB+,Medium,Rawalpindi,33.579868000000005,73.02382899999999,2025-04-01 09:14:21,1
oevs223z,Sukkur General Hospital,B+,High,Sukkur,27.745246,68.874594,2025-04-01 15:21:26,6
9jrgo0vf,Bahawalpur Blood Bank,B-,High,Bahawalpur,29.407358000000002,71.691937,2025-04-01 19:42:17,3
yhd3if0y,Larkana Medical Center,O+,Low,Larkana,27.590393,68.218558,2025-04-01 15:02:17,3
0b6w5uqt,Karachi Blood Bank,A+,Medium,Karachi,24.839825,67.007503,2025-04-01 02:16:27,4
cxscadjt,Faisalabad Blood Bank,B-,Critical,Faisalabad,31.49318,73.12245300000001,2025-04-01 11:45:44,2
wuhos6ec,Multan General Hospital,AB-,Medium,Multan,30.134874999999997,71.485318,2025-04-01 02:25:25,3
439minrl,Karachi General Hospital,B+,Critical,Karachi,24.887384,66.95678699999999,2025-04-01 20:25:21,4
8oftl26n,Islamabad Blood Bank,O-,High,Islamabad,33.643539999999994,73.08855,2025-04-01 04:03:32,1
c5vsl8ps,Karachi Medical Center,O-,Low,Karachi,24.904673000000003,67.04181899999999,2025-04-01 06:53:12,2
w48gtz21,Lahore General Hospital,O-,Critical,Lahore,31.529767,74.373809,2025-04-01 04:38:47,5
kqhnlku8,Hyderabad General Hospital,AB-,Medium,Hyderabad,25.430965,68.40457599999999,2025-04-01 23:37:56,3
ty5te5n6,Gujranwala Medical Center,A+,High,Gujranwala,32.206112000000005,74.236847,2025-04-01 00:38:24,4
ex7ush71,Hyderabad Blood Bank,O-,High,Hyderabad,25.366051000000002,68.393744,2025-04-01 17:23:11,5
twztv5ng,Lahore Blood Bank,A-,Medium,Lahore,31.554616000000003,74.37297099999999,2025-04-01 00:56:23,6
3tvooekc,Gujranwala General Hospital,O+,High,Gujranwala,32.115277000000006,74.18432,2025-04-01 05:56:45,4
yulk562p,Hyderabad Medical Center,B-,Medium,Hyderabad,25.409527,68.346873,2025-04-01 10:47:19,1
bco82zer,Rawalpindi General Hospital,O+,Medium,Rawalpindi,33.576089,73.05108,2025-04-01 19:32:25,5
51i9ocm1,Larkana Blood Bank,A+,Medium,Larkana,27.571582,68.220755,2025-04-01 07:13:26,5
62fbhdu9,Karachi Blood Bank,AB-,High,Karachi,24.815079,67.046404,2025-04-01 18:26:37,5
xk4fm27f,Sukkur Blood Bank,AB+,Medium,Sukkur,27.666244000000003,68.813062,2025-04-01 16:59:37,5
rowkx2bc,Multan Medical Center,B+,Medium,Multan,30.159150999999998,71.532338,2025-04-01 03:11:44,4
unkrlzpb,Multan Medical Center,AB-,Low,Multan,30.168060999999998,71.475825,2025-04-01 12:15:49,4
ocavo3ih,Mardan Medical Center,AB+,Critical,Mardan,34.187522,72.08548400000001,2025-04-01 13:34:45,5
32ri2mm5,Karachi Medical Center,O+,High,Karachi,24.84109,66.999994,2025-04-01 22:10:03,3
r0jpg3z8,Quetta Medical Center,A-,Low,Quetta,30.208717,66.96284399999999,2025-04-01 22:43:06,2
2hjsffep,Lahore Blood Bank,AB+,Critical,Lahore,31.515589000000002,74.370662,2025-04-01 21:19:50,5
hluljk9t,Quetta Blood Bank,O-,Critical,Quetta,30.192148,66.988711,2025-04-01 02:34:32,5
8lggycuw,Mardan Blood Bank,AB+,Critical,Mardan,34.154359,72.07720900000001,2025-04-01 12:47:24,1
uu5okb4a,Sukkur Medical Center,A-,Critical,Sukkur,27.730812,68.848241,2025-04-01 17:23:43,1
m66g5sfm,Karachi Blood Bank,B+,Low,Karachi,24.856225000000002,67.00588099999999,2025-04-01 15:25:45,1
5cmbjmos,Peshawar Blood Bank,AB+,High,Peshawar,34.029985,71.500527,2025-04-01 08:20:03,1
0mch4izi,Quetta Medical Center,O-,High,Quetta,30.138628,66.926824,2025-04-01 13:02:15,6
npj75kui,Rawalpindi Blood Bank,O-,High,Rawalpindi,33.632864000000005,73.025702,2025-04-01 18:03:31,5
5donglzr,Multan Blood Bank,AB+,Medium,Multan,30.173361,71.518362,2025-04-01 21:55:10,6
x7gnx39k,Karachi General Hospital,O+,Critical,Karachi,24.908710000000003,66.98142399999999,2025-04-01 10:43:49,2
pwvuk65a,Larkana Medical Center,O-,Medium,Larkana,27.539271,68.216493,2025-04-01 06:28:02,2
zs4iv11j,Rawalpindi General Hospital,O-,High,Rawalpindi,33.616948,73.106156,2025-04-01 15:10:12,6
sjf3vybu,Lahore General Hospital,AB+,Critical,Lahore,31.572129,74.306753,2025-04-01 20:59:38,4
lqesra1i,Karachi General Hospital,B+,Critical,Karachi,24.863236,66.978939,2025-04-01 08:45:24,1
4cwzxznd,Larkana General Hospital,A+,Medium,Larkana,27.61209,68.17112900000001,2025-04-01 08:58:23,5
5n0wkv9k,Sukkur Medical Center,O+,Medium,Sukkur,27.685791000000002,68.878507,2025-04-01 16:11:37,5
2g41avlk,Larkana Medical Center,A+,Critical,Larkana,27.568638999999997,68.222377,2025-04-01 13:38:39,4
yenyxwca,Quetta General Hospital,O+,Low,Quetta,30.183279,66.936144,2025-04-01 23:04:05,3
ty28zt0e,Islamabad Blood Bank,B+,Critical,Islamabad,33.690281,73.039788,2025-04-01 05:20:52,6
idemfccu,Mardan General Hospital,AB+,Medium,Mardan,34.210575,72.05945100000001,2025-04-01 17:55:23,2
vocw6vtb,Gujranwala General Hospital,O+,Critical,Gujranwala,32.115328000000005,74.167363,2025-04-01 03:01:39,6
axsc9okd,Islamabad Medical Center,O-,High,Islamabad,33.646187,73.054463,2025-04-01 05:36:19,6
plsohb2c,Faisalabad Medical Center,O+,Critical,Faisalabad,31.469257,73.15370200000001,2025-04-01 12:00:05,2
wk8p17mw,Bahawalpur Blood Bank,B+,Medium,Bahawalpur,29.395574000000003,71.637177,2025-04-01 12:25:33,5
k3i6j02u,Larkana Medical Center,AB+,Medium,Larkana,27.552221,68.194565,2025-04-01 11:31:58,6
opgty0h6,Larkana Blood Bank,O+,High,Larkana,27.603208,68.169036,2025-04-01 01:16:01,4
4p8e830h,Hyderabad General Hospital,O-,Low,Hyderabad,25.383248000000002,68.331586,2025-04-01 12:07:05,2
pwos751w,Gujranwala Medical Center,B+,Low,Gujranwala,32.162119000000004,74.140136,2025-04-01 15:15:05,4
l1q2ci5a,Hyderabad General Hospital,A-,Critical,Hyderabad,25.355329,68.36389199999999,2025-04-01 07:01:56,2
58yuey2d,Karachi General Hospital,AB+,Medium,Karachi,24.870483,66.962504,2025-04-01 05:34:27,2
vhah0ws0,Lahore General Hospital,AB+,Medium,Lahore,31.583684,74.299853,2025-04-01 05:24:12,5
y5f21tl6,Bahawalpur Medical Center,O+,Medium,Bahawalpur,29.439393000000003,71.638069,2025-04-01 00:33:24,2
b6z86qs1,Sialkot Blood Bank,A-,Low,Sialkot,32.485711,74.481886,2025-04-01 23:01:45,4
g459tu0u,Faisalabad General Hospital,O-,Critical,Faisalabad,31.405306,73.182361,2025-04-01 16:01:10,4
lz7sz6rh,Peshawar Medical Center,B-,Low,Peshawar,33.996859,71.550291,2025-04-01 16:25:40,3
vdqs1qd9,Islamabad General Hospital,A+,High,Islamabad,33.700433,73.080228,2025-04-01 08:30:50,4
brmy8ty0,Gujranwala Medical Center,AB+,High,Gujranwala,32.174782,74.153685,2025-04-01 04:13:41,2
n46677bt,Bahawalpur General Hospital,B-,Low,Bahawalpur,29.388129000000003,71.641581,2025-04-01 05:12:41,6
746f11ny,Multan Medical Center,A+,Low,Multan,30.147669,71.543102,2025-04-01 20:03:56,2
9c59yrdo,Hyderabad Medical Center,A-,Critical,Hyderabad,25.37581,68.390255,2025-04-01 21:54:06,3
mm12avs1,Hyderabad Medical Center,O+,Medium,Hyderabad,25.361723,68.405647,2025-04-01 18:05:55,2
lolnec4d,Lahore Blood Bank,B+,Medium,Lahore,31.569671000000003,74.367995,2025-04-01 08:33:19,2
vb8dxg3m,Gujranwala Medical Center,A-,Low,Gujranwala,32.159158000000005,74.194411,2025-04-01 11:42:45,2
0gfqxszd,Rawalpindi Blood Bank,AB+,Medium,Rawalpindi,33.59605500000001,73.05700999999999,2025-04-01 22:57:34,1
bkn86vyr,Mardan General Hospital,A-,Medium,Mardan,34.234721,72.02288100000001,2025-04-01 00:39:39,5
wnf83orh,Bahawalpur Blood Bank,AB-,Low,Bahawalpur,29.387907000000002,71.722877,2025-04-01 06:36:50,6
1gnizrq8,Gujranwala Medical Center,O+,Medium,Gujranwala,32.197805,74.220617,2025-04-01 00:21:34,5
mz93dyso,Rawalpindi Medical Center,AB-,High,Rawalpindi,33.636969,73.04825299999999,2025-04-01 16:37:20,4
xzvp7i4g,Multan Medical Center,B+,Medium,Multan,30.12014,71.532186,2025-04-01 19:34:47,1
cn73yeuy,Sialkot Blood Bank,B+,Critical,Sialkot,32.49365,74.51805900000001,2025-04-01 14:15:04,3
let6au4j,Multan Medical Center,O+,High,Multan,30.151453,71.560294,2025-04-01 12:30:07,1
mp5u1a7k,Mardan Medical Center,AB-,Low,Mardan,34.157586,72.016137,2025-04-01 17:00:24,4
bn7brlwc,Islamabad Medical Center,A+,Low,Islamabad,33.730205999999995,73.035491,2025-04-01 08:19:47,3
tb0n0g8p,Peshawar General Hospital,AB-,Low,Peshawar,34.063528,71.521738,2025-04-01 10:09:10,2
8hsxk2t6,Faisalabad Blood Bank,AB-,Critical,Faisalabad,31.483614,73.12062800000001,2025-04-01 17:36:49,1
k6h8c3mm,Hyderabad Medical Center,AB-,High,Hyderabad,25.401236,68.331353,2025-04-01 02:16:48,5
wptca5qb,Mardan Medical Center,O+,Medium,Mardan,34.225696,72.022039,2025-04-01 03:14:24,5
931d8cdh,Lahore Blood Bank,AB+,Low,Lahore,31.520273000000003,74.32609699999999,2025-04-01 10:02:29,1
rx2jimlv,Peshawar General Hospital,B-,Critical,Peshawar,34.005569,71.479737,2025-04-01 17:56:32,2
v6r54ezk,Quetta General Hospital,A-,High,Quetta,30.157211,67.001809,2025-04-01 22:15:38,6
yjrsozoc,Mardan Blood Bank,B+,Medium,Mardan,34.223909,72.00214100000001,2025-04-01 19:25:33,1
lk3zqtn6,Sukkur Medical Center,AB+,High,Sukkur,27.739956000000003,68.825973,2025-04-01 16:27:23,3
